{"version": 1, "size": {"x": 32, "y": 32}, "license": "CC-BY-SA-3.0", "copyright": "https://github.com/vgstation-coders/vgstation13/raw/99cc2ab62d65a3a7b554dc7b21ff5f57c835f973/icons/turf/walls.dmi", "states": [{"name": "full"}, {"name": "uranium0", "directions": 4}, {"name": "uranium1", "directions": 4}, {"name": "uranium2", "directions": 4}, {"name": "uranium3", "directions": 4}, {"name": "uranium4", "directions": 4}, {"name": "uranium5", "directions": 4}, {"name": "uranium6", "directions": 4}, {"name": "uranium7", "directions": 4}]}